timestamp,adherents,gain_7j
2026-10-05T17:39:11.468508+00:00,38077,5932
2026-10-05T17:44:34.889936+00:00,38094,5949
2026-10-05T18:02:41.477119+00:00,38118,5973
2026-10-05T19:16:16.537080+00:00,38284,6139
2026-10-05T19:38:20.935967+00:00,38326,6181
2026-10-05T20:55:16.472424+00:00,38459,6314
2026-10-05T21:48:04.690229+00:00,38506,6361
2026-10-06T01:18:58.370610+00:00,38560,5944
2026-10-06T05:16:13.272832+00:00,38584,5968
2026-10-06T05:48:18.383275+00:00,38601,5985
2026-10-06T07:37:25.399231+00:00,38712,6096
2026-10-06T09:29:58.940304+00:00,38903,6287
2026-10-06T11:01:02.954361+00:00,39026,6410
2026-10-06T13:43:24.029376+00:00,39206,6590
2026-10-06T14:29:33.950707+00:00,39240,6624
2026-10-06T15:31:36.909137+00:00,39308,6692
2026-10-06T15:35:56.391836+00:00,39312,6696
2026-10-06T16:57:19.091928+00:00,39406,6790
