timestamp,code,nom,adherents,parrainages,rang
2026-10-06T16:33:34.091655+00:00,49,Maine-et-Loire,307,99,1
2026-10-06T16:33:34.091655+00:00,28,Eure-et-Loir,95,16,2
2026-10-06T16:33:34.091655+00:00,45,Loiret,183,27,3
2026-10-06T16:33:34.091655+00:00,88,Vosges,116,16,4
2026-10-06T16:33:34.091655+00:00,82,Tarn-et-Garonne,73,12,5
2026-10-06T16:33:34.091655+00:00,59,Nord,593,65,6
2026-10-06T16:33:34.091655+00:00,78,Yvelines,873,79,7
2026-10-06T16:33:34.091655+00:00,18,Cher,87,8,8
2026-10-06T16:33:34.091655+00:00,72,Sarthe,132,10,9
2026-10-06T16:33:34.091655+00:00,54,Meurthe-et-Moselle,183,13,10
2026-10-06T16:33:34.091655+00:00,16,Charente,96,7,11
2026-10-06T16:33:34.091655+00:00,32,Gers,58,7,11
2026-10-06T16:33:34.091655+00:00,92,Hauts-de-Seine,1489,92,13
2026-10-06T16:33:34.091655+00:00,24,Dordogne,147,9,14
2026-10-06T16:33:34.091655+00:00,83,Var,1407,85,15
2026-10-06T16:33:34.091655+00:00,89,Yonne,116,7,16
2026-10-06T16:33:34.091655+00:00,43,Haute-Loire,34,6,17
2026-10-06T16:33:34.091655+00:00,80,Somme,91,6,17
2026-10-06T16:33:34.091655+00:00,93,Seine-Saint-Denis,134,8,19
2026-10-06T16:33:34.091655+00:00,34,Hérault,492,29,20
2026-10-06T16:33:34.091655+00:00,64,Pyrénées-Atlantiques,345,20,21
2026-10-06T16:33:34.091655+00:00,68,Haut-Rhin,282,16,22
2026-10-06T16:33:34.091655+00:00,41,Loir-et-Cher,108,6,23
2026-10-06T16:33:34.091655+00:00,44,Loire-Atlantique,634,35,24
2026-10-06T16:33:34.091655+00:00,63,Puy-de-Dôme,223,12,25
2026-10-06T16:33:34.091655+00:00,17,Charente-Maritime,283,15,26
2026-10-06T16:33:34.091655+00:00,75,Paris,2497,128,27
2026-10-06T16:33:34.091655+00:00,99,Français de l’étranger,732,36,28
2026-10-06T16:33:34.091655+00:00,69,Rhône,1181,58,29
2026-10-06T16:33:34.091655+00:00,84,Vaucluse,280,13,30
2026-10-06T16:33:34.091655+00:00,94,Val-de-Marne,433,20,31
2026-10-06T16:33:34.091655+00:00,21,Côte-d'Or,242,11,32
2026-10-06T16:33:34.091655+00:00,19,Corrèze,118,5,33
2026-10-06T16:33:34.091655+00:00,51,Marne,242,10,34
2026-10-06T16:33:34.091655+00:00,57,Moselle,222,9,35
2026-10-06T16:33:34.091655+00:00,12,Aveyron,62,4,36
2026-10-06T16:33:34.091655+00:00,52,Haute-Marne,28,4,36
2026-10-06T16:33:34.091655+00:00,47,Lot-et-Garonne,101,4,38
2026-10-06T16:33:34.091655+00:00,95,Val-d'Oise,284,11,39
2026-10-06T16:33:34.091655+00:00,01,Ain,239,9,40
2026-10-06T16:33:34.091655+00:00,76,Seine-Maritime,266,10,41
2026-10-06T16:33:34.091655+00:00,33,Gironde,955,35,42
2026-10-06T16:33:34.091655+00:00,40,Landes,165,6,43
2026-10-06T16:33:34.091655+00:00,29,Finistère,248,9,44
2026-10-06T16:33:34.091655+00:00,50,Manche,143,5,45
2026-10-06T16:33:34.091655+00:00,87,Haute-Vienne,149,5,46
2026-10-06T16:33:34.091655+00:00,67,Bas-Rhin,420,14,47
2026-10-06T16:33:34.091655+00:00,74,Haute-Savoie,429,14,48
2026-10-06T16:33:34.091655+00:00,73,Savoie,226,7,49
2026-10-06T16:33:34.091655+00:00,62,Pas-de-Calais,230,7,50
2026-10-06T16:33:34.091655+00:00,02,Aisne,86,3,51
2026-10-06T16:33:34.091655+00:00,08,Ardennes,57,3,51
2026-10-06T16:33:34.091655+00:00,11,Aude,97,3,51
2026-10-06T16:33:34.091655+00:00,39,Jura,94,3,51
2026-10-06T16:33:34.091655+00:00,30,Gard,309,9,55
2026-10-06T16:33:34.091655+00:00,31,Haute-Garonne,576,16,56
2026-10-06T16:33:34.091655+00:00,37,Indre-et-Loire,330,9,57
2026-10-06T16:33:34.091655+00:00,13,Bouches-du-Rhône,1173,31,58
2026-10-06T16:33:34.091655+00:00,14,Calvados,271,7,59
2026-10-06T16:33:34.091655+00:00,81,Tarn,121,3,60
2026-10-06T16:33:34.091655+00:00,35,Ille-et-Vilaine,381,9,61
2026-10-06T16:33:34.091655+00:00,26,Drôme,170,4,62
2026-10-06T16:33:34.091655+00:00,38,Isère,389,9,63
2026-10-06T16:33:34.091655+00:00,77,Seine-et-Marne,353,8,64
2026-10-06T16:33:34.091655+00:00,06,Alpes-Maritimes,5858,126,65
2026-10-06T16:33:34.091655+00:00,71,Saône-et-Loire,152,3,66
2026-10-06T16:33:34.091655+00:00,60,Oise,208,4,67
2026-10-06T16:33:34.091655+00:00,85,Vendée,211,4,68
2026-10-06T16:33:34.091655+00:00,91,Essonne,295,5,69
2026-10-06T16:33:34.091655+00:00,42,Loire,221,3,70
2026-10-06T16:33:34.091655+00:00,56,Morbihan,335,3,71
2026-10-06T16:33:34.091655+00:00,03,Allier,104,2,
2026-10-06T16:33:34.091655+00:00,971,Guadeloupe,25,2,
2026-10-06T16:33:34.091655+00:00,2B,Haute-Corse,80,2,
2026-10-06T16:33:34.091655+00:00,36,Indre,70,2,
2026-10-06T16:33:34.091655+00:00,46,Lot,51,2,
2026-10-06T16:33:34.091655+00:00,972,Martinique,20,2,
2026-10-06T16:33:34.091655+00:00,66,Pyrénées-Orientales,133,2,
2026-10-06T16:33:34.091655+00:00,04,Alpes-de-Haute-Provence,88,1,
2026-10-06T16:33:34.091655+00:00,07,Ardèche,88,1,
2026-10-06T16:33:34.091655+00:00,09,Ariège,31,1,
2026-10-06T16:33:34.091655+00:00,10,Aube,93,1,
2026-10-06T16:33:34.091655+00:00,2A,Corse-du-Sud,82,1,
2026-10-06T16:33:34.091655+00:00,79,Deux-Sèvres,105,1,
2026-10-06T16:33:34.091655+00:00,27,Eure,144,1,
2026-10-06T16:33:34.091655+00:00,974,La Réunion,57,1,
2026-10-06T16:33:34.091655+00:00,53,Mayenne,77,1,
2026-10-06T16:33:34.091655+00:00,61,Orne,64,1,
2026-10-06T16:33:34.091655+00:00,86,Vienne,75,1,
2026-10-06T16:33:34.091655+00:00,15,Cantal,33,0,
2026-10-06T16:33:34.091655+00:00,22,Côtes-d'Armor,154,0,
2026-10-06T16:33:34.091655+00:00,23,Creuse,23,0,
2026-10-06T16:33:34.091655+00:00,25,Doubs,164,0,
2026-10-06T16:33:34.091655+00:00,973,Guyane,13,0,
2026-10-06T16:33:34.091655+00:00,70,Haute-Saône,33,0,
2026-10-06T16:33:34.091655+00:00,05,Hautes-Alpes,62,0,
2026-10-06T16:33:34.091655+00:00,65,Hautes-Pyrénées,62,0,
2026-10-06T16:33:34.091655+00:00,48,Lozère,15,0,
2026-10-06T16:33:34.091655+00:00,976,Mayotte,2,0,
2026-10-06T16:33:34.091655+00:00,55,Meuse,46,0,
2026-10-06T16:33:34.091655+00:00,58,Nièvre,45,0,
2026-10-06T16:33:34.091655+00:00,90,Territoire de Belfort,26,0,
